name,gradyear
Yagiz Aksoy,2019
Bradley Bart,2000
ANGEL CHANG,2015
SHEELAGH CARPENDALE,1999
Leonid Chindelevitch,2010
"Cukierman, Diana",2003
James Delgrande,1985
Toby Donaldson,1998
John Edgar,1999
Martin Ester,1990
Brian Fraser,2009
YASUTAKA FURUKAWA,2008
Uwe Gl√§sser,1999
Mohamed Hefeeda,2004
Harinder Singh Khangura,2001
Anne Lavergne,1999
MAXWELL LIBBRECHT,2016
Jiangchuan Liu,2003
David G. Mitchell,2002
Jian Pei,2002
Fred Popowich,1989
Arrvindh Shriraman,2010
William N. Sumner,2013
MANOLIS SAVVA,2016
IGOR SHINKAR,2014
"Ping Tan, Associate Professor",2007
Eugenia Ternovska,2002
KEVAL VORA,2017
Ke Wang,1986
TIANZHENG WANG,2017
Kay C. Wiese,1999
KangKang Yin,2007
"Alimadadi, Saba",2017
Greg Baker,2000
Andrei Bulatov,1995
Bobby Chan,2009
Binay Bhattacharya,1982
"Baghban Karimi, Ouldooz",2019
Robert D. Cameron,1983
MO CHEN,2017
Parmit Chilana,2013
Ryan C.N. D'Arcy,2002
Mark Drew,1976
Brian Funt,1976
Qianping Gu,1988
Ghassan Hamarneh,2001
Eugene Fiume,1986
Pavol Hell,1973
Valentine Kabanets,2000
"Krishnamurti, Ramesh",1987
Ze-Nian Li,1986
Angelica Lim,2014
Hang Ma,2019
Greg Mori,2004
Steven Pearce,1995
Joseph G. Peters,1984
Janice Regan,1987
Anoop Sarkar,2002
Thomas C. Shermer,1984
Oliver Schulte,1997
Richard T. Vaughan,1998
Jiannan Wang,2013
Cynthia Xie,2019
Richard (Hao) Zhang,2003
